"Part";"Value";"Device";"Package";"Description";"";
"C1";"10pF";"CAP1206";"1206";"Capacitor";"";
"C2";"10pf";"CAP1206";"1206";"Capacitor";"";
"C3";"";"CAP1206";"1206";"Capacitor";"";
"D1";"";"V-REFERENCESMD";"SOT23-3";"Zener diode";"";
"IC1";"TC1016";"TC1016";"SOT23-5L";"";"";
"IC2";"PIC18F13K22SOP";"PIC18F13K22SOP";"SOP20W";"18/20/28-Pin High-Performance, Enhanced Flash Microcontrollers";"";
"IC3";"MIC94090";"MIC94090";"SC-70";"MIC94090 Load switch";"";
"JP1";"ICSP";"M05PTH";"1X05";"Header 5";"";
"JP2";"";"M04PTH";"1X04";"Header 4";"";
"JP3";"AN2";"M03JST-PTH";"JST-3-PTH";"Header 3";"";
"JP4";"AN4";"M03JST-PTH";"JST-3-PTH";"Header 3";"";
"JP5";"";"M04PTH";"1X04";"Header 4";"";
"JP6";"AN5";"M03JST-PTH";"JST-3-PTH";"Header 3";"";
"JP7";"Vsolar";"M02JST-PTH-2";"JST-2-PTH";"Standard 2-pin 0.1" header. Use with";"";
"Q2";"Si2333CDS-T1-GE3";"MOSFET-PCHANNEL";"SOT23-3";"Generic PMOSFET";"";
"R1";"20k";"RESISTOR1206";"1206";"Resistor";"";
"VBATT";"Vbatt";"M02JST-PTH-2";"JST-2-PTH";"Standard 2-pin 0.1" header. Use with";"";
"Y1";"32kHz";"CRYSTALTC26V";"TC26V";"CRYSTAL";"";
